id,name,subreddit,author,author_flair_text,distinguished,created,created_utc,approved_at_utc,title,selftext,link_flair_text,score,downs,ups,upvote_ratio,num_comments,total_awards_received,num_crossposts,edited,stickied,locked,pinned,url,permalink
39g2dr,t3_39g2dr,a:t5_356o8,[deleted],,,1434031657,1434031657,,Why I hate Reddit right now,,,0,0,0,0.5,0,0,0,FALSE,FALSE,FALSE,FALSE,https://www.reddit.com/r/announcements/comments/39bpam/removing_harassing_subreddits/,/r/a:t5_356o8/comments/39g2dr/why_i_hate_reddit_right_now/
39cut4,t3_39cut4,a:t5_38l4b,Analyser_Therapist,,,1433974994,1433974994,,/u/ekjp has been banned for banning a subreddit that was found guilty of wrongthink and claiming that we've always been at war with Eastasia.,,,1,0,1,0.6,0,0,0,FALSE,FALSE,FALSE,FALSE,https://www.reddit.com/r/announcements/comments/39bpam/removing_harassing_subreddits/,/r/a:t5_38l4b/comments/39cut4/uekjp_has_been_banned_for_banning_a_subreddit/
39c01h,t3_39c01h,Anarcho_Capitalism,[deleted],,,1433963440,1433963440,,"""Removing harassing subreddits""",,,53,0,53,0.83,85,0,0,FALSE,FALSE,FALSE,FALSE,https://www.reddit.com/r/announcements/comments/39bpam/removing_harassing_subreddits/,/r/Anarcho_Capitalism/comments/39c01h/removing_harassing_subreddits/
39dbu6,t3_39dbu6,Canadian_News,MrFlagg,,,1433982046,1433982046,,/r/fatpeoplehate who?,,,2,0,2,0.56,0,0,0,FALSE,FALSE,FALSE,FALSE,https://www.reddit.com/r/announcements/comments/39bpam/removing_harassing_subreddits/,/r/Canadian_News/comments/39dbu6/rfatpeoplehate_who/
39c8u3,t3_39c8u3,Coyotes,pablohoney102,:Howl:,,1433966753,1433966753,,When do we report r/hockey? [META] (kidding of course),,,15,0,15,0.73,3,0,0,FALSE,FALSE,FALSE,FALSE,https://www.reddit.com/r/announcements/comments/39bpam/removing_harassing_subreddits/,/r/Coyotes/comments/39c8u3/when_do_we_report_rhockey_meta_kidding_of_course/
39c96z,t3_39c96z,freetalklive,GuyFromV,,,1433966880,1433966880,,Reddit Liberty Threat Warning: Yellow Alert,,,5,0,5,0.62,2,0,0,0,FALSE,FALSE,FALSE,https://www.reddit.com/r/announcements/comments/39bpam/removing_harassing_subreddits/,/r/freetalklive/comments/39c96z/reddit_liberty_threat_warning_yellow_alert/
4re473,t3_4re473,mylittleandysonic1,JIVEprinting,Will work for Bibles,,1467743255,1467743255,,Removing harassing subreddits : announcements,,,7,0,7,0.82,4,0,0,0,FALSE,FALSE,FALSE,https://www.reddit.com/r/announcements/comments/39bpam/removing_harassing_subreddits/,/r/mylittleandysonic1/comments/4re473/removing_harassing_subreddits_announcements/
39cnd2,t3_39cnd2,PanicHistory,[deleted],,,1433972129,1433972129,,Panic poster was right. FPH banned before September,,,47,0,47,0.89,12,0,0,0,FALSE,FALSE,FALSE,https://www.reddit.com/r/announcements/comments/39bpam/removing_harassing_subreddits/,/r/PanicHistory/comments/39cnd2/panic_poster_was_right_fph_banned_before_september/
39ddmc,t3_39ddmc,programmingcirclejerk,[deleted],,,1433982770,1433982770,,NTFS users declare defeat after r/fatpeoplehate is banned,,,54,0,54,0.94,21,0,0,0,FALSE,FALSE,FALSE,https://www.reddit.com/r/announcements/comments/39bpam/removing_harassing_subreddits/,/r/programmingcirclejerk/comments/39ddmc/ntfs_users_declare_defeat_after_rfatpeoplehate_is/
39kfv0,t3_39kfv0,retiredsubreddits,pelvicmomentum,,,1434104227,1434104227,,/u/ekjp retires /r/fatpeoplehate,,,44,0,44,0.86,0,0,0,0,FALSE,FALSE,FALSE,https://www.reddit.com/r/announcements/comments/39bpam/removing_harassing_subreddits/,/r/retiredsubreddits/comments/39kfv0/uekjp_retires_rfatpeoplehate/
39bqyc,t3_39bqyc,ShitRedditSays,[deleted],,,1433959943,1433959943,,[META] The cabal scores a major victory as FatPeopleHate and other harassing subs are banned!,,WE DID IT SRS!,615,0,615,0.61,770,0,0,0,FALSE,FALSE,FALSE,https://www.reddit.com/r/announcements/comments/39bpam/removing_harassing_subreddits/,/r/ShitRedditSays/comments/39bqyc/meta_the_cabal_scores_a_major_victory_as/
39cthm,t3_39cthm,ShitTheAdminsSay,Br00ce,,,1433974480,1433974480,,"r/fatpeoplehate, r/hamplanethatred (3071 subscribers), r/transfags (149), r/neofag (1239) and r/shitniggerssay (219) were just banned in reddit's new harassment policy",,reddit,26,0,26,0.82,8,0,0,0,FALSE,FALSE,FALSE,https://www.reddit.com/r/announcements/comments/39bpam/removing_harassing_subreddits/,/r/ShitTheAdminsSay/comments/39cthm/rfatpeoplehate_rhamplanethatred_3071_subscribers/
hopchw,t3_hopchw,SubredditDrama,LaDolphin,,,1594389303,1594389303,,"5 years ago today, Ellen Pao resigned as CEO a month after it was announced that Reddit would be banning harassing subreddits. The announcement was met with intense anger, a stark contrast from the attitudes towards banning subreddits today.",,,123,0,123,0.92,90,0,0,0,FALSE,FALSE,FALSE,https://www.reddit.com/r/announcements/comments/39bpam/removing_harassing_subreddits/,/r/SubredditDrama/comments/hopchw/5_years_ago_today_ellen_pao_resigned_as_ceo_a/
39cyno,t3_39cyno,test,sim-al2,,,1433976561,1433976561,,This is a test for testing tested links,,,1,0,1,0.6,0,0,0,0,FALSE,FALSE,FALSE,https://www.reddit.com/r/announcements/comments/39bpam/removing_harassing_subreddits/,/r/test/comments/39cyno/this_is_a_test_for_testing_tested_links/
cku38z,t3_cku38z,u_ayca2019,ayca2019,,,1564692469,1564692469,,Removing harassing subreddits,,,1,0,1,1,0,0,0,0,FALSE,FALSE,FALSE,https://www.reddit.com/r/announcements/comments/39bpam/removing_harassing_subreddits/,/r/u_ayca2019/comments/cku38z/removing_harassing_subreddits/